{
  "Total" : {
    "transaction" : "Total",
    "sampleCount" : 26844,
    "errorCount" : 22414,
    "errorPct" : 83.497246,
    "meanResTime" : 12692.416107882524,
    "medianResTime" : 10064.0,
    "minResTime" : 5.0,
    "maxResTime" : 64810.0,
    "pct1ResTime" : 29823.30000000001,
    "pct2ResTime" : 35140.8,
    "pct3ResTime" : 43399.98,
    "throughput" : 217.40433286090303,
    "receivedKBytesPerSec" : 2549.687239003341,
    "sentKBytesPerSec" : 459.4365003037052
  },
  "HTTP Request" : {
    "transaction" : "HTTP Request",
    "sampleCount" : 26844,
    "errorCount" : 22414,
    "errorPct" : 83.497246,
    "meanResTime" : 12692.416107882524,
    "medianResTime" : 10064.0,
    "minResTime" : 5.0,
    "maxResTime" : 64810.0,
    "pct1ResTime" : 29823.30000000001,
    "pct2ResTime" : 35140.8,
    "pct3ResTime" : 43399.98,
    "throughput" : 217.40433286090303,
    "receivedKBytesPerSec" : 2549.687239003341,
    "sentKBytesPerSec" : 459.4365003037052
  }
}